sample,mRNA,ncRNA,tRNA,mRNA_percent,ncRNA_percent,tRNA_percent,no_feature_percent,general.5_3_bias,status
YBR033W_Minimal_HisMetLeuUra_Glucose_2_90_none_4,5595891,7228,224,88.65,0.11,0,11.239999999999995,0.2,0
YGL209W_YKL038W_Minimal_HisMetLeuUra_Glucose_2_300_none_1,1939839,1504,101,93.15,0.07,0,6.780000000000001,0.62,0
YGL035C_YGL209W_YKL038W_YBR033W_Minimal_HisMetLeu_Glucose_2_30_none_2,11467624,6373,380,91.28,0.05,0,8.670000000000002,0.3,0
WT_Minimal_HisMetLeuUra_Galactose_2_300_none_1,7674269,5239,163,90.7,0.06,0,9.239999999999995,0.42,0
WT_Minimal_HisMetLeuUra_Galactose_2_90_none_3,5945089,28754,383,86.17,0.42,0,13.409999999999997,0.33,0
WT_Minimal_HisMetLeuUra_Glucose_2_180_none_7,8852,2,0,88.37,0.02,0,11.61,0.63,1
YKL038W_Minimal_HisMetLeuUra_Glucose_2_45_none_1,8262795,5901,294,88.59,0.06,0,11.349999999999994,0.23,0
YGL035C_YKL038W_Minimal_HisMetLeu_Glucose_2_180_none_3,5978362,4838,226,90.53,0.07,0,9.400000000000006,0.26,0
YGL035C_Minimal_HisMetLeuUra_Glucose_2_60_none_3,3276179,2549,133,89.36,0.07,0,10.570000000000007,0.17,0
WT_YPD_none_Glucose_2_1440_none_19,5178517,4418,132,89.23,0.08,0,10.689999999999998,0.49,0
YGL035C_Minimal_HisMetLeuUra_Glucose_2_300_none_2,9320941,6834,442,88.02,0.06,0,11.920000000000002,0.3,0
YDR477W_Minimal_HisMetLeuUra_Glucose_2_30_cAMP_2,7821964,18535,777,88.72,0.21,0,11.070000000000007,0.43,0
WT_YPD_none_Glucose_2_1440_none_35,2639376,1830,57,92.69,0.06,0,7.25,0.35,0
YBR033W_YKL038W_Minimal_HisMetLeuUra_Glucose_2_180_none_4,2663042,2195,56,92.36,0.08,0,7.560000000000002,0.16,0
WT_Minimal_HisMetLeuUra_Glucose_2_60_none_4,4997363,9715,233,88.27,0.17,0,11.560000000000002,0.57,0
YKL166C_YPL203W_Minimal_HisMetLeuUra_Glucose_0.001_-1_1NMPP7_1,9447355,16153,775,87.79,0.15,0,12.059999999999988,0.37,0
YKL166C_YPL203W_Minimal_HisMetLeuUra_Glucose_2_180_1NMPP7_3,7985672,47199,366,89.96,0.53,0,9.510000000000005,0.35,0
WT_YPD_none_none_2_1440_none_7,5114519,4066,107,89.98,0.07,0,9.950000000000003,0.53,0
WT_Minimal_HisMetLeuUra_Glucose_2_180_none_2,4062466,3679,86,88.35,0.08,0,11.570000000000007,0.28,0
YBR033W_Minimal_LysHisMetLeuUra_Galactose_2_4320_none_2,7683053,21927,611,75.89,0.22,0,23.89,0.16,0
YBR033W_Minimal_HisMetLeuUra_Glucose_2_60_none_2,4393637,4412,249,84.15,0.08,0,15.769999999999996,0.31,0
YGL035C_YBR033W_Minimal_HisMetLeuUra_Glucose_2_300_none_1,2066338,1283,77,93.38,0.06,0,6.560000000000002,0.57,0
YGL209W_YKL038W_Minimal_HisMetLeuUra_Glucose_2_180_none_2,1895391,1301,61,93.62,0.06,0,6.319999999999993,0.37,0
WT_Minimal_HisMetLeuUra_Glucose_2_45_none_1,5406795,7591,245,88.38,0.12,0,11.5,0.47,0
YKL038W_Minimal_LysHisMetLeuUra_Galactose_2_4320_none_1,8712381,24019,174,79.05,0.22,0,20.730000000000004,0.22,0
YGL209W_YBR033W_Minimal_HisMetLeuUra_Glucose_2_90_none_2,6547873,5246,269,92.65,0.07,0,7.280000000000001,0.38,0
YGL035C_Minimal_HisMetLeuUra_Glucose_0.001_-1_none_1,6352246,5564,305,89.49,0.08,0,10.430000000000007,0.2,0
YGL209W_YKL038W_Minimal_HisMetLeuUra_Glucose_0.001_-1_none_3,6276006,4294,145,91.84,0.06,0,8.099999999999994,0.35,0
WT_YPD_none_Glucose_2_1440_none_9,6981315,5303,144,88.95,0.07,0,10.980000000000004,0.22,0
YKL038W_Minimal_HisMetLeuUra_Galactose_2_4320_none_1,9809925,39318,107,79.74,0.32,0,19.940000000000012,0.41,0
YGL035C_YGL209W_YKL038W_YBR033W_Minimal_HisMetLeu_Glucose_2_60_none_1,11474410,17053,324,87.71,0.13,0,12.16000000000001,0.32,0
YDR034C_Minimal_HisMetLeuUra_Galactose_2_4320_none_2,5193810,12501,136,77.91,0.19,0,21.900000000000006,0.48,0
YDR477W_Minimal_HisMetLeuUra_Glucose_2_90_none_2,5715902,7470,394,82.92,0.11,0,16.97,0.12,0
YGL035C_YGL209W_YKL038W_YBR033W_Minimal_HisMetLeu_Glucose_2_300_none_3,19474781,12607,380,92.75,0.06,0,7.189999999999998,0.51,0
YBR033W_Minimal_HisMetLeuUra_Glucose_2_45_none_5,3441397,2919,156,90.28,0.08,0,9.64,0.17,0
YGL209W_YGL035C_Minimal_HisMetLeuUra_Glucose_2_180_none_2,7074882,4347,214,92.33,0.06,0,7.609999999999999,0.26,0
YGL035C_YGL209W_YKL038W_YBR033W_Minimal_HisMetLeu_Glucose_2_300_none_2,11537137,7130,258,92.26,0.06,0,7.679999999999993,0.37,0
YGL035C_YGL209W_YKL038W_YBR033W_Minimal_HisMetLeu_Glucose_0.001_-1_none_4,9104824,5629,240,91.25,0.06,0,8.689999999999998,0.27,0
YDR477W_Minimal_HisMetLeuUra_Glucose_2_45_none_2,5712274,7338,370,83.75,0.11,0,16.14,0.15,0
YBR033W_Minimal_HisMetLeuUra_Glucose_2_45_none_6,2684078,2392,177,89.28,0.08,0,10.64,0.15,0
YGL035C_YGL209W_YKL038W_YBR033W_Minimal_HisMetLeu_Glucose_2_90_none_1,12688998,9524,304,90.64,0.07,0,9.290000000000006,0.28,0
YDR477W_Minimal_HisMetLeuUra_Glucose_2_180_cAMP_2,6868589,24101,510,87.65,0.31,0,12.039999999999992,0.33,0
WT_YPD_none_Glucose_2_1440_none_7,5699656,4873,136,86.18,0.07,0,13.75,0.37,0
YBR033W_Minimal_HisMetLeuUra_Glucose_2_180_none_4,2267016,8274,589,81.11,0.3,0,18.590000000000003,0.19,0
YGL209W_YKL038W_Minimal_HisMetLeuUra_Glucose_2_60_none_4,7075312,5172,384,91.23,0.07,0,8.700000000000003,0.17,0
YGL035C_YGL209W_YKL038W_YBR033W_Minimal_HisMetLeu_Glucose_2_90_none_4,7913016,5988,173,89.54,0.07,0,10.39,0.37,0
YBR033W_Minimal_HisMetLeuUra_Glucose_2_90_none_6,2270775,2135,119,88.29,0.08,0,11.629999999999995,0.14,0
YGL209W_YKL038W_Minimal_HisMetLeuUra_Glucose_2_45_none_1,2190654,1345,73,93.08,0.06,0,6.859999999999999,0.27,0
WT_Minimal_HisMetLeuUra_Galactose_2_60_none_3,7277562,32248,521,85.96,0.38,0,13.66000000000001,0.33,0
YBR033W_YKL038W_Minimal_HisMetLeuUra_Glucose_2_180_none_1,4916738,3778,160,90.86,0.07,0,9.070000000000007,0.3,0
WT_YPD_none_Glucose_2_1440_none_23,6916165,5299,167,91.56,0.07,0,8.370000000000005,0.47,0
YKL038W_Minimal_HisMetLeuUra_Glucose_0.001_-1_none_1,15159175,12816,463,89.37,0.08,0,10.549999999999997,0.27,0
WT_Minimal_HisMetLeuUra_Glucose_2_180_none_8,3070330,2567,53,85.93,0.07,0,14,0.26,0
YKL038W_Minimal_HisMetLeuUra_Glucose_2_90_none_2,6383841,5085,223,88.77,0.07,0,11.16000000000001,0.29,0
WT_Minimal_HisMetLeuUra_Galactose_2_4320_none_2,14937689,31671,664,78.74,0.17,0,21.090000000000003,0.46,0
YGL209W_YGL035C_Minimal_HisMetLeuUra_Glucose_2_300_none_1,6457832,5782,232,91.86,0.08,0,8.060000000000002,0.41,0
YBR033W_Minimal_HisMetLeuUra_Glucose_2_90_none_2,4398919,3607,215,85.38,0.07,0,14.550000000000011,0.43,0
WT_Minimal_HisMetLeuUra_Glucose_2_180_none_1,4174925,5978,172,88.11,0.13,0,11.760000000000005,0.46,0
YDR477W_Minimal_HisMetLeuUra_Glucose_2_90_none_1,6551529,4330,368,88.61,0.06,0,11.329999999999998,0.42,0
YGL035C_YBR033W_Minimal_HisMetLeuUra_Glucose_2_45_none_1,5571181,6846,237,90.36,0.11,0,9.530000000000001,0.26,0
YBR033W_Minimal_HisMetLeuUra_Glucose_0.001_-1_none_1,3286647,4678,192,80.74,0.11,0,19.150000000000006,0.38,0
WT_YPD_none_Glucose_2_1440_none_27,6788912,31534,791,78.03,0.36,0,21.61,0.23,0
WT_Minimal_HisMetLeuUra_Glucose_2_90_none_7,7042362,5624,191,86.59,0.07,0,13.340000000000003,0.53,0
YGL035C_YKL038W_Minimal_HisMetLeu_Glucose_2_60_none_1,5680139,4563,178,91.87,0.07,0,8.060000000000002,0.28,0
YKL166C_YPL203W_Minimal_HisMetLeuUra_Glucose_2_60_1NMPP7_1,9841785,21943,1130,87.96,0.2,0,11.840000000000003,0.37,0
YGL209W_Minimal_HisMetLeuUra_Glucose_2_300_none_1,7868994,8920,571,90,0.1,0,9.900000000000006,0.37,0
WT_Minimal_HisMetLeuUra_Glucose_2_30_none_1,6535686,7208,324,90.44,0.1,0,9.460000000000008,0.44,0
YDR477W_Minimal_HisMetLeuUra_Glucose_2_30_cAMP_1,7134946,31548,540,89.38,0.4,0,10.219999999999999,0.3,0
YGL035C_Minimal_HisMetLeuUra_Glucose_2_300_none_1,8477945,6551,396,89.72,0.07,0,10.210000000000008,0.3,0
YGL209W_YKL038W_Minimal_HisMetLeuUra_Glucose_2_45_none_2,2196676,1480,120,93.03,0.06,0,6.909999999999997,0.38,0
YBR033W_YKL038W_Minimal_HisMetLeuUra_Glucose_2_300_none_2,5195727,5273,484,89.69,0.09,0,10.219999999999999,0.4,0
YGL209W_YKL038W_Minimal_HisMetLeuUra_Glucose_2_300_none_3,6835369,5447,314,91.45,0.07,0,8.480000000000004,0.32,0
YGL209W_Minimal_HisMetLeuUra_Glucose_2_90_none_4,15905312,12513,478,89.68,0.07,0,10.25,0.16,0
YKL038W_Minimal_HisMetLeuUra_Glucose_2_180_none_2,8224774,4621,213,89.71,0.05,0,10.240000000000009,0.34,0
YGL209W_YGL035C_Minimal_HisMetLeuUra_Glucose_2_180_none_4,5999579,5017,206,92.32,0.08,0,7.6000000000000085,0.52,0
YBR033W_YKL038W_Minimal_HisMetLeuUra_Glucose_0.001_-1_none_4,2440112,2577,80,92.38,0.1,0,7.52000000000001,0.16,0
YKL038W_Minimal_HisMetLeuUra_Glucose_2_90_none_1,9170991,6337,277,90.03,0.06,0,9.909999999999997,0.27,0
YKL166C_YPL203W_Minimal_HisMetLeuUra_Glucose_0.001_-1_1NMPP7_2,9937515,24654,1417,84.87,0.21,0,14.920000000000002,0.25,0
YBR033W_Minimal_HisMetLeuUra_Glucose_2_90_none_5,2992254,2458,111,89.48,0.07,0,10.450000000000003,0.14,0
YGL209W_YKL038W_Minimal_HisMetLeuUra_Glucose_2_60_none_2,12661921,9659,798,91.33,0.07,0,8.600000000000009,0.4,0
YGL035C_YGL209W_YKL038W_YBR033W_Minimal_HisMetLeu_Glucose_2_300_none_4,11933910,8413,304,90.59,0.06,0,9.349999999999994,0.49,0
WT_Minimal_HisMetLeuUra_Glucose_2_300_none_3,5352345,6774,224,88.89,0.11,0,11,0.31,0
YBR033W_Minimal_HisMetLeuUra_Glucose_2_90_none_1,4944100,4647,269,87.44,0.08,0,12.480000000000004,0.38,0
YGL209W_YGL035C_Minimal_HisMetLeuUra_Glucose_0.001_-1_none_1,4770145,4132,251,91.41,0.08,0,8.510000000000005,0.37,0
WT_YPD_none_Glucose_2_1440_none_16,4124746,5829,104,81.91,0.12,0,17.97,0.34,0
YKL038W_Minimal_HisMetLeuUra_Glucose_2_300_none_4,3883068,2642,180,89.71,0.06,0,10.230000000000004,0.21,0
WT_Minimal_HisMetLeuUra_Glucose_2_45_none_7,4252254,3698,188,85.9,0.07,0,14.030000000000001,0.58,0
YKL166C_YPL203W_Minimal_HisMetLeuUra_Glucose_2_90_1NMPP7_1,12495716,21949,533,91,0.16,0,8.840000000000003,0.42,0
YDR477W_Minimal_HisMetLeuUra_Glucose_2_45_none_3,4938838,3159,277,91.58,0.06,0,8.36,0.42,0
YBR033W_YKL038W_Minimal_LysHisMetLeuUra_Galactose_2_4320_none_1,4452530,10353,143,79.4,0.18,0,20.419999999999987,0.44,0
YGL035C_YGL209W_YKL038W_YBR033W_Minimal_HisMetLeu_Glucose_0.001_-1_none_1,11343881,8027,282,89.11,0.06,0,10.829999999999998,0.46,0
YKL166C_YPL203W_Minimal_HisMetLeuUra_Glucose_2_60_1NMPP7_4,6886946,40433,660,86.23,0.51,0,13.259999999999991,0.3,0
YKL038W_Minimal_HisMetLeuUra_Glucose_2_60_none_2,3206145,2245,100,89.63,0.06,0,10.310000000000002,0.15,0
YDR477W_Minimal_HisMetLeuUra_Glucose_2_90_cAMP_2,7057171,31357,751,88.67,0.39,0,10.939999999999998,0.35,0
YGL035C_Minimal_HisMetLeuUra_Glucose_2_90_none_1,6842528,6309,292,88.56,0.08,0,11.36,0.2,0
WT_Minimal_HisMetLeuUra_Glucose_2_300_none_7,4553849,3329,173,87.41,0.06,0,12.530000000000001,0.37,0
WT_Minimal_HisMetLeuUra_Glucose_2_90_none_2,3163070,2889,53,90.78,0.08,0,9.14,0.55,0
YGL209W_YGL035C_Minimal_HisMetLeuUra_Glucose_2_300_none_3,6088636,6908,332,90.93,0.1,0,8.969999999999999,0.55,0
YGL209W_Minimal_HisMetLeuUra_Glucose_2_90_none_3,3298090,2285,56,92.16,0.06,0,7.780000000000001,0.28,0
WT_Minimal_HisMetLeuUra_Glucose_2_90_none_4,6479686,6480,120,89.49,0.09,0,10.420000000000002,0.62,0
YBR033W_YDR034C_Minimal_LysHisMetLeuUra_Galactose_2_4320_none_3,4331257,9931,71,79.48,0.18,0,20.33999999999999,0.42,0
YGL035C_YKL038W_Minimal_HisMetLeu_Glucose_2_300_none_1,5624014,4615,337,91.24,0.07,0,8.690000000000012,0.34,0
YDR477W_Minimal_HisMetLeuUra_Glucose_0.001_-1_none_4,5615190,11055,564,82.74,0.16,0,17.10000000000001,0.22,0
WT_Minimal_HisMetLeuUra_Glucose_2_30_none_3,5551611,4855,201,83.67,0.07,0,16.260000000000005,0.32,0
WT_Minimal_HisMetLeuUra_Glucose_0.001_-1_none_6,6756269,6781,123,78.48,0.08,0,21.439999999999998,0.54,0
YGL209W_YKL038W_Minimal_HisMetLeuUra_Glucose_2_90_none_1,2065282,1324,112,92.85,0.06,0,7.090000000000003,0.3,0
WT_YPD_none_Glucose_2_1440_none_15,4088504,5278,103,81.15,0.1,0,18.75,0.37,0
YKL166C_YPL203W_Minimal_HisMetLeuUra_Glucose_2_30_1NMPP7_1,11975407,22430,1151,89.56,0.17,0,10.269999999999996,0.43,0
YKL166C_YPL203W_Minimal_HisMetLeuUra_Glucose_2_180_1NMPP7_4,7390044,31564,507,86.5,0.37,0,13.129999999999995,0.35,0
YKL166C_YPL203W_Minimal_HisMetLeuUra_Glucose_2_300_1NMPP7_1,10473167,74187,1583,83.85,0.59,0,15.560000000000002,0.39,0
WT_YPD_none_Glucose_2_1440_none_14,12375114,9945,289,90.06,0.07,0,9.870000000000005,0.5,0
WT_YPD_none_Glucose_2_1440_none_13,20805984,16379,465,89.97,0.07,0,9.960000000000008,0.54,0
YGL035C_Minimal_HisMetLeuUra_Glucose_0.001_-1_none_2,8531564,7359,565,88.29,0.08,0,11.629999999999995,0.27,0
WT_YPD_none_Glucose_2_1440_none_20,5385534,4791,116,90.72,0.08,0,9.200000000000003,0.45,0
YGL209W_YBR033W_Minimal_HisMetLeuUra_Glucose_2_60_none_1,12833149,10198,675,92.44,0.07,0,7.490000000000009,0.41,0
YDR477W_Minimal_HisMetLeuUra_Glucose_0.001_-1_cAMP_3,9675566,26647,3129,84.22,0.23,0,15.549999999999997,0.3,0
YGL035C_Minimal_HisMetLeuUra_Glucose_2_180_none_3,3583825,2488,77,91.15,0.06,0,8.789999999999992,0.21,0
WT_Minimal_HisMetLeuUra_Galactose_2_90_none_2,12963010,12665,187,86.62,0.08,0,13.299999999999997,0.22,0
WT_YPD_none_Glucose_2_1440_none_11,3665547,2524,75,90.64,0.06,0,9.299999999999997,0.27,0
YKL166C_YPL203W_Minimal_HisMetLeuUra_Glucose_2_30_1NMPP7_4,6372760,37802,438,85.97,0.51,0,13.519999999999996,0.29,0
YBR033W_YKL038W_Minimal_HisMetLeuUra_Glucose_0.001_-1_none_1,8172830,6573,429,91.8,0.07,0,8.13000000000001,0.47,0
WT_YPD_none_Glucose_2_1440_none_26,6151403,70066,409,83.08,0.95,0,15.969999999999999,0.25,0
YGL209W_Minimal_HisMetLeuUra_Glucose_2_180_none_4,846968,604,28,88.72,0.06,0,11.219999999999999,0.38,1
YDR477W_Minimal_HisMetLeuUra_Glucose_2_180_none_2,5862530,7340,350,82.51,0.1,0,17.39,0.16,0
WT_YPD_none_Glucose_2_1440_none_22,6497822,5127,158,89.9,0.07,0,10.030000000000001,0.55,0
YGL035C_YKL038W_Minimal_HisMetLeu_Glucose_2_90_none_3,6672354,5455,254,91.17,0.07,0,8.760000000000005,0.38,0
YBR033W_YDR034C_Minimal_HisMetLeuUra_Galactose_2_4320_none_2,3982295,10157,105,79.63,0.2,0,20.17,0.49,0
WT_Minimal_HisMetLeuUra_Glucose_2_300_none_5,6154432,5641,265,84.89,0.08,0,15.030000000000001,0.46,0
WT_YPD_none_none_2_1440_none_2,5423528,4446,109,86.33,0.07,0,13.600000000000009,0.35,0
WT_Minimal_HisMetLeuUra_Glucose_0.001_-1_none_4,5951058,12255,256,90.56,0.19,0,9.25,0.42,0
YKL166C_YPL203W_Minimal_HisMetLeuUra_Glucose_2_300_1NMPP7_3,7658302,51861,403,88.41,0.6,0,10.990000000000009,0.31,0
YBR033W_YKL038W_Minimal_HisMetLeuUra_Glucose_2_90_none_1,11321043,7990,438,92.28,0.07,0,7.650000000000006,0.39,0
YGL035C_YBR033W_Minimal_HisMetLeuUra_Glucose_0.001_-1_none_1,3323593,3301,106,91.91,0.09,0,8,0.45,0
YGL209W_YGL035C_Minimal_HisMetLeuUra_Glucose_2_90_none_4,5445924,4789,240,92.4,0.08,0,7.519999999999996,0.43,0
YGL035C_Minimal_HisMetLeuUra_Glucose_2_180_none_2,8848161,7298,291,88.97,0.07,0,10.960000000000008,0.22,0
WT_Minimal_HisMetLeuUra_Glucose_0.001_-1_none_3,7384960,9403,235,88.49,0.11,0,11.400000000000006,0.44,0
YGL209W_YGL035C_Minimal_HisMetLeuUra_Glucose_2_45_none_2,6719989,4562,344,92.21,0.06,0,7.730000000000004,0.27,0
YDR477W_Minimal_HisMetLeuUra_Glucose_2_45_cAMP_1,7730935,30829,1149,87.68,0.35,0,11.969999999999999,0.45,0
WT_YPD_none_Glucose_2_1440_none_8,7850561,6432,218,89.42,0.07,0,10.510000000000005,0.22,0
WT_Minimal_HisMetLeuUra_Galactose_0.0015_-1_none_2,7865073,8764,191,87.43,0.1,0,12.469999999999999,0.34,0
YKL166C_YPL203W_Minimal_HisMetLeuUra_Glucose_2_45_1NMPP7_1,10585607,20910,941,88.66,0.18,0,11.159999999999997,0.34,0
YDR477W_Minimal_HisMetLeuUra_Glucose_2_60_cAMP_4,9628677,16150,967,87.57,0.15,0,12.280000000000001,0.3,0
YDR477W_Minimal_HisMetLeuUra_Glucose_2_30_cAMP_3,6984626,22595,1127,86.18,0.28,0,13.539999999999992,0.34,0
WT_Minimal_HisMetLeuUra_Galactose_0.0015_-1_none_4,9190899,29424,1933,81.3,0.26,0,18.439999999999998,0.19,0
YKL166C_YPL203W_Minimal_HisMetLeuUra_Glucose_2_180_1NMPP7_1,9579749,42787,1305,87.79,0.39,0,11.819999999999993,0.45,0
YGL209W_Minimal_HisMetLeuUra_Glucose_0.001_-1_none_2,5769277,4429,149,88.11,0.07,0,11.820000000000007,0.26,0
YGL209W_YKL038W_Minimal_HisMetLeuUra_Glucose_2_60_none_1,1623900,991,49,93.17,0.06,0,6.769999999999996,0.25,0
YGL209W_YBR033W_Minimal_HisMetLeuUra_Glucose_0.001_-1_none_2,9124160,9633,365,90.26,0.1,0,9.64,0.63,0
YGL035C_YKL038W_Minimal_HisMetLeu_Glucose_2_90_none_1,5021710,3560,124,92.7,0.07,0,7.230000000000004,0.27,0
YDR477W_Minimal_HisMetLeuUra_Glucose_2_30_cAMP_4,9508739,22518,1108,88.24,0.21,0,11.550000000000011,0.43,0
YBR033W_Minimal_HisMetLeuUra_Glucose_2_300_none_4,4523141,2221,122,92.15,0.05,0,7.799999999999997,0.29,0
YBR033W_Minimal_HisMetLeuUra_Glucose_2_300_none_3,926687,8859,1692,54.87,0.52,0,44.61,0.17,3
WT_Minimal_HisMetLeuUra_Glucose_2_30_none_4,4102775,3707,188,84.09,0.08,0,15.829999999999998,0.3,0
YDR477W_Minimal_HisMetLeuUra_Glucose_2_300_cAMP_2,7687289,56545,995,84.55,0.62,0,14.829999999999998,0.35,0
YGL035C_YKL038W_Minimal_HisMetLeu_Glucose_2_180_none_2,11836769,10227,394,90.75,0.08,0,9.170000000000002,0.23,0
WT_Minimal_HisMetLeuUra_Glucose_2_90_none_8,3112467,2437,62,87.86,0.07,0,12.070000000000007,0.14,0
WT_YPD_none_Glucose_2_1440_none_2,8812031,14573,229,83.79,0.14,0,16.069999999999993,0.87,0
YGL035C_YBR033W_Minimal_HisMetLeuUra_Glucose_2_90_none_4,12807835,11602,230,92.52,0.08,0,7.400000000000006,0.33,0
YKL038W_Minimal_HisMetLeuUra_Glucose_2_300_none_1,6552735,4429,270,87.6,0.06,0,12.340000000000003,0.19,0
WT_YPD_none_none_2_1440_none_1,2209306,1887,73,83.01,0.07,0,16.92,0.44,0
YGL035C_YGL209W_YKL038W_YBR033W_Minimal_HisMetLeu_Glucose_2_45_none_2,11620797,7366,351,89.6,0.06,0,10.340000000000003,0.42,0
YBR033W_YKL038W_Minimal_HisMetLeuUra_Glucose_2_45_none_2,2349929,2315,136,92.02,0.09,0,7.890000000000001,0.17,0
YDR477W_Minimal_HisMetLeuUra_Glucose_2_300_cAMP_3,7719964,24483,2231,80.53,0.26,0,19.209999999999994,0.28,0
YGL209W_YKL038W_Minimal_HisMetLeuUra_Glucose_2_45_none_4,3472328,2597,220,91.62,0.07,0,8.310000000000002,0.31,0
YGL209W_YBR033W_Minimal_HisMetLeuUra_Glucose_2_45_none_1,8470459,6677,370,92.12,0.07,0,7.810000000000002,0.44,0
WT_Minimal_HisMetLeuUra_Glucose_2_60_none_8,3987456,3944,121,84.6,0.08,0,15.320000000000007,0.29,0
YKL038W_Minimal_HisMetLeuUra_Galactose_2_4320_none_3,8274706,51714,179,75.88,0.47,0,23.650000000000006,0.41,0
YDR034C_Minimal_LysHisMetLeuUra_Galactose_2_4320_none_3,7260608,20714,184,76.81,0.22,0,22.97,0.29,0
YGL035C_YKL038W_Minimal_HisMetLeu_Glucose_2_45_none_3,5870792,4598,263,91.94,0.07,0,7.990000000000009,0.35,0
WT_YPD_none_none_2_1440_none_4,7218654,5410,159,90.66,0.07,0,9.27000000000001,0.3,0
WT_Minimal_HisMetLeuUra_Glucose_2_300_none_2,6144758,6364,246,89.86,0.09,0,10.049999999999997,0.33,0
YKL038W_Minimal_HisMetLeuUra_Glucose_2_60_none_1,6390448,4427,241,88.74,0.06,0,11.200000000000003,0.2,0
YBR033W_Minimal_HisMetLeuUra_Glucose_2_300_none_1,3282779,3156,198,86.51,0.08,0,13.409999999999997,0.32,0
WT_Minimal_HisMetLeuUra_Galactose_2_45_none_3,7235403,37881,612,86.64,0.45,0,12.909999999999997,0.34,0
YGL035C_YKL038W_Minimal_HisMetLeu_Glucose_2_45_none_2,1370082,919,63,92.97,0.06,0,6.969999999999999,0.39,0
YGL209W_YBR033W_Minimal_HisMetLeuUra_Glucose_2_60_none_2,10493670,7745,530,92.56,0.07,0,7.3700000000000045,0.44,0
YGL209W_YGL035C_Minimal_HisMetLeuUra_Glucose_2_60_none_3,4651315,4674,228,90.65,0.09,0,9.259999999999991,0.3,0
YGL209W_Minimal_HisMetLeuUra_Glucose_2_300_none_2,2987407,3336,298,89.16,0.1,0,10.740000000000009,0.34,0
YGL035C_YGL209W_YKL038W_YBR033W_Minimal_HisMetLeu_Glucose_0.001_-1_none_3,7401803,15646,226,89,0.19,0,10.810000000000002,0.51,0
YKL038W_Minimal_HisMetLeuUra_Glucose_2_180_none_4,2485621,1668,57,88.77,0.06,0,11.170000000000002,0.16,0
YGL209W_YKL038W_Minimal_HisMetLeuUra_Glucose_0.001_-1_none_4,7049427,5228,214,91.77,0.07,0,8.16000000000001,0.3,0
YGL035C_Minimal_HisMetLeuUra_Glucose_2_90_none_2,10170424,8373,377,89.01,0.07,0,10.920000000000002,0.26,0
YBR033W_Minimal_HisMetLeuUra_Galactose_2_4320_none_1,4531747,14688,129,77.26,0.25,0,22.489999999999995,0.37,0
YKL166C_YPL203W_Minimal_HisMetLeuUra_Glucose_2_180_1NMPP7_2,10428476,25184,637,85.09,0.21,0,14.700000000000003,0.2,0
YGL035C_YKL038W_Minimal_HisMetLeu_Glucose_0.001_-1_none_1,11047853,8191,465,92.68,0.07,0,7.25,0.38,0
YDR477W_Minimal_HisMetLeuUra_Glucose_2_300_cAMP_4,8559741,21433,1590,84.57,0.21,0,15.220000000000013,0.38,0
YGL035C_YGL209W_YKL038W_YBR033W_Minimal_HisMetLeu_Glucose_2_90_none_3,11271385,9522,286,90.42,0.08,0,9.5,0.31,0
WT_YPD_none_Glucose_2_1440_none_6,4336907,3619,102,85.42,0.07,0,14.510000000000005,0.4,0
YGL035C_YKL038W_Minimal_HisMetLeu_Glucose_2_90_none_4,6250140,5299,276,91.17,0.08,0,8.75,0.29,0
YDR477W_Minimal_HisMetLeuUra_Glucose_2_180_cAMP_1,5435195,88799,2233,79.79,1.3,0,18.909999999999997,0.26,0
YGL035C_YBR033W_Minimal_HisMetLeuUra_Glucose_2_90_none_3,6220655,5549,163,91.14,0.08,0,8.780000000000001,0.28,0
YGL209W_Minimal_HisMetLeuUra_Glucose_0.001_-1_none_3,1605554,1488,63,91.57,0.08,0,8.350000000000009,0.26,0
YGL209W_YGL035C_Minimal_HisMetLeuUra_Glucose_2_300_none_4,5331138,3939,256,90.88,0.07,0,9.050000000000011,0.31,0
YGL035C_Minimal_HisMetLeuUra_Glucose_2_180_none_1,10379761,6507,232,90.61,0.06,0,9.329999999999998,0.24,0
YGL035C_Minimal_HisMetLeuUra_Glucose_2_45_none_4,10695848,7958,481,90.17,0.07,0,9.760000000000005,0.13,0
WT_Minimal_HisMetLeuUra_Galactose_2_30_none_4,8981927,16064,755,86.56,0.15,0,13.289999999999992,0.23,0
YKL038W_Minimal_HisMetLeuUra_Glucose_0.001_-1_none_4,687727,271,8,95.14,0.04,0,4.819999999999993,0.21,1
YBR033W_Minimal_LysHisMetLeuUra_Galactose_2_4320_none_1,6955462,19805,263,78.6,0.22,0,21.180000000000007,0.31,0
YDR034C_Minimal_LysHisMetLeuUra_Galactose_2_4320_none_1,5843649,16586,119,78.72,0.22,0,21.060000000000002,0.25,0
YKL038W_Minimal_HisMetLeuUra_Glucose_2_60_none_3,2541602,2263,90,89.41,0.08,0,10.510000000000005,0.15,0
YBR033W_YDR034C_Minimal_LysHisMetLeuUra_Galactose_2_4320_none_1,3899039,6823,58,81.62,0.14,0,18.239999999999995,0.5,0
YGL209W_YGL035C_Minimal_HisMetLeuUra_Glucose_2_300_none_2,7769294,6312,380,90.6,0.07,0,9.330000000000013,0.26,0
YGL035C_YBR033W_Minimal_HisMetLeuUra_Glucose_2_30_none_2,6251025,5952,245,91.72,0.09,0,8.189999999999998,0.32,0
YGL209W_YKL038W_Minimal_HisMetLeuUra_Glucose_2_90_none_2,7510152,6158,218,90.81,0.07,0,9.120000000000005,0.19,0
WT_Minimal_HisMetLeuUra_Galactose_0.0015_-1_none_3,6103270,40645,626,85.04,0.57,0,14.39,0.35,0
YBR033W_YKL038W_Minimal_LysHisMetLeuUra_Galactose_2_4320_none_3,3758156,9210,62,79.51,0.19,0,20.299999999999997,0.51,0
WT_YPD_none_none_2_1440_none_3,8536078,7059,187,86.96,0.07,0,12.970000000000013,0.34,0
YGL035C_YKL038W_Minimal_HisMetLeu_Glucose_2_45_none_1,5574896,3974,225,92.61,0.07,0,7.320000000000007,0.35,0
YDR477W_Minimal_HisMetLeuUra_Glucose_0.001_-1_cAMP_1,6798905,23444,1016,88.14,0.3,0,11.560000000000002,0.25,0
YGL035C_Minimal_HisMetLeuUra_Glucose_0.001_-1_none_4,3180540,2441,168,89,0.07,0,10.930000000000007,0.35,0
YBR033W_YKL038W_Minimal_HisMetLeuUra_Galactose_2_4320_none_3,18051307,44984,335,79.82,0.2,0,19.980000000000004,0.42,0
YGL209W_Minimal_HisMetLeuUra_Glucose_2_90_none_2,7940703,5993,246,87.48,0.07,0,12.450000000000003,0.18,0
YBR033W_YDR034C_Minimal_LysHisMetLeuUra_Galactose_2_4320_none_2,4065373,9207,102,80.35,0.18,0,19.47,0.38,0
YGL035C_Minimal_HisMetLeuUra_Glucose_2_45_none_2,8913743,7425,426,88.75,0.07,0,11.180000000000007,0.18,0
WT_Minimal_HisMetLeuUra_Glucose_2_45_none_6,5432810,5209,120,84.31,0.08,0,15.61,0.33,0
YGL209W_YGL035C_Minimal_HisMetLeuUra_Glucose_2_60_none_1,6188591,5316,265,90.73,0.08,0,9.189999999999998,0.19,0
YKL166C_YPL203W_Minimal_HisMetLeuUra_Glucose_2_90_1NMPP7_4,7594653,60105,381,88.7,0.7,0,10.599999999999994,0.43,0
YGL035C_YGL209W_YKL038W_YBR033W_Minimal_HisMetLeu_Glucose_2_180_none_3,10078815,7638,204,90.19,0.07,0,9.740000000000009,0.25,0
YGL209W_Minimal_HisMetLeuUra_Glucose_2_45_none_1,6890844,5053,270,89.62,0.07,0,10.310000000000002,0.35,0
YBR033W_YKL038W_Minimal_HisMetLeuUra_Glucose_2_90_none_3,2808952,1832,78,92.69,0.06,0,7.25,0.19,0
YBR033W_Minimal_HisMetLeuUra_Glucose_2_180_none_6,8073173,11663,934,85.93,0.12,0,13.949999999999989,0.29,0
WT_Minimal_HisMetLeuUra_Galactose_2_180_none_2,11459999,9729,169,89.17,0.08,0,10.75,0.25,0
YGL209W_YGL035C_Minimal_HisMetLeuUra_Glucose_2_90_none_2,6815985,4544,299,92.4,0.06,0,7.539999999999992,0.34,0
YDR477W_Minimal_HisMetLeuUra_Glucose_2_60_cAMP_1,6502791,44317,755,88.23,0.6,0,11.170000000000002,0.34,0
YBR033W_Minimal_HisMetLeuUra_Glucose_2_60_none_4,6911220,8312,440,89.02,0.11,0,10.870000000000005,0.21,0
YGL209W_Minimal_HisMetLeuUra_Glucose_2_300_none_3,3881598,3221,173,89.65,0.07,0,10.280000000000001,0.27,0
YGL209W_YGL035C_Minimal_HisMetLeuUra_Glucose_2_45_none_4,6514084,7551,406,92.41,0.11,0,7.480000000000004,0.51,0
WT_Minimal_HisMetLeuUra_Galactose_2_30_none_2,9316023,19001,239,77.05,0.16,0,22.790000000000006,0.99,0
WT_YPD_none_Glucose_2_1440_none_17,4438282,5262,147,79.98,0.09,0,19.929999999999993,0.39,0
WT_Minimal_HisMetLeuUra_Galactose_2_180_none_3,6574767,33380,327,86.6,0.44,0,12.960000000000008,0.31,0
WT_Minimal_HisMetLeuUra_Glucose_2_300_none_8,3256410,3489,178,83.21,0.09,0,16.700000000000003,0.27,0
WT_Minimal_HisMetLeuUra_Galactose_2_90_none_4,8131373,22891,764,82.94,0.23,0,16.83,0.27,0
YDR034C_Minimal_HisMetLeuUra_Galactose_2_4320_none_3,11369237,32942,333,76.81,0.22,0,22.97,0.54,0
YGL035C_YBR033W_Minimal_HisMetLeuUra_Glucose_2_90_none_1,3869446,3640,104,91.23,0.09,0,8.679999999999993,0.26,0
YKL038W_Minimal_HisMetLeuUra_Glucose_2_90_none_4,2973347,2301,94,89.97,0.07,0,9.960000000000008,0.17,0
WT_Minimal_HisMetLeuUra_Glucose_0.001_-1_none_2,21357475,19549,546,88.26,0.08,0,11.659999999999997,0.88,0
YDR477W_Minimal_HisMetLeuUra_Glucose_2_60_cAMP_3,9243463,23117,1056,89.31,0.22,0,10.469999999999999,0.46,0
YGL035C_YKL038W_Minimal_HisMetLeu_Glucose_2_30_none_2,5800418,4678,276,92.06,0.07,0,7.8700000000000045,0.41,0
YBR033W_Minimal_HisMetLeuUra_Galactose_2_4320_none_2,4343457,10534,222,78.67,0.19,0,21.14,0.35,0
YGL209W_YKL038W_Minimal_HisMetLeuUra_Glucose_2_180_none_1,2284297,1743,99,90.73,0.07,0,9.200000000000003,0.33,0
WT_YPD_none_Glucose_2_1440_none_12,16511945,13092,349,89.7,0.07,0,10.230000000000004,0.49,0
YKL166C_YPL203W_Minimal_HisMetLeuUra_Glucose_2_45_1NMPP7_2,8942095,37789,882,89.66,0.38,0,9.960000000000008,0.5,0
YBR033W_YDR034C_Minimal_HisMetLeuUra_Galactose_2_4320_none_3,8816941,20476,161,80.69,0.19,0,19.120000000000005,0.45,0
WT_YPD_none_Glucose_2_1440_none_25,5900284,92187,361,84.12,1.31,0,14.569999999999993,0.28,0
YGL209W_Minimal_HisMetLeuUra_Glucose_2_180_none_2,3155528,2067,91,90.27,0.06,0,9.670000000000002,0.25,0
YBR033W_Minimal_HisMetLeuUra_Glucose_2_300_none_2,7893468,4487,226,91.29,0.05,0,8.659999999999997,0.36,0
YKL166C_YPL203W_Minimal_HisMetLeuUra_Glucose_2_300_1NMPP7_2,7846019,26139,1060,80.98,0.27,0,18.75,0.28,0
YGL035C_YBR033W_Minimal_HisMetLeuUra_Glucose_2_45_none_2,4689918,3919,189,93.37,0.08,0,6.549999999999997,0.42,0
YGL209W_YKL038W_Minimal_HisMetLeuUra_Glucose_2_180_none_3,6976857,5747,190,90.92,0.07,0,9.010000000000005,0.19,0
YGL035C_YKL038W_Minimal_HisMetLeu_Glucose_0.001_-1_none_3,6262858,4884,288,92.46,0.07,0,7.470000000000013,0.5,0
YGL209W_Minimal_HisMetLeuUra_Glucose_2_60_none_4,3854676,3558,138,89.03,0.08,0,10.89,0.17,0
WT_Minimal_HisMetLeuUra_Galactose_2_4320_none_3,13634673,33665,433,78.04,0.19,0,21.769999999999996,0.43,0
YKL038W_Minimal_HisMetLeuUra_Glucose_2_180_none_1,8355628,4961,255,89.89,0.05,0,10.060000000000002,0.26,0
YBR033W_YKL038W_Minimal_LysHisMetLeuUra_Galactose_2_4320_none_2,6667315,21461,556,76.5,0.25,0,23.25,0.28,0
YGL209W_Minimal_HisMetLeuUra_Glucose_2_60_none_3,4268912,2949,96,91.22,0.06,0,8.719999999999999,0.21,0
YBR033W_YKL038W_Minimal_HisMetLeuUra_Glucose_2_45_none_3,2495538,3495,84,90.59,0.13,0,9.280000000000001,0.08,0
YKL166C_YPL203W_Minimal_HisMetLeuUra_Glucose_2_45_1NMPP7_3,4410378,463249,781,80.26,8.43,0,11.310000000000002,0.42,0
YKL038W_Minimal_HisMetLeuUra_Glucose_2_45_none_4,4018745,3007,108,91.35,0.07,0,8.580000000000013,0.22,0
WT_Minimal_HisMetLeuUra_Glucose_2_60_none_5,6557407,5471,187,87.42,0.07,0,12.510000000000005,0.49,0
YGL035C_YBR033W_Minimal_HisMetLeuUra_Glucose_0.001_-1_none_3,5572980,3730,159,92.39,0.06,0,7.549999999999997,0.23,0
YGL035C_YBR033W_Minimal_HisMetLeuUra_Glucose_2_300_none_2,2084841,2227,130,91.43,0.1,0,8.469999999999999,0.41,0
YGL035C_YKL038W_Minimal_HisMetLeu_Glucose_2_180_none_1,5291728,4006,185,92.06,0.07,0,7.8700000000000045,0.38,0
YBR033W_Minimal_HisMetLeuUra_Glucose_2_60_none_1,5348722,6075,278,83.53,0.09,0,16.379999999999995,0.34,0
WT_YPD_none_Glucose_2_1440_none_1,9452718,10666,243,85.98,0.1,0,13.920000000000002,1.04,0
YDR034C_Minimal_LysHisMetLeuUra_Galactose_2_4320_none_2,5954064,18211,233,76.18,0.23,0,23.58999999999999,0.19,0
WT_Minimal_HisMetLeuUra_Glucose_0.001_-1_none_5,1027119,882,28,86.4,0.07,0,13.530000000000001,0.5,0
WT_YPD_none_Glucose_2_1440_none_31,5726564,4429,124,92.33,0.07,0,7.6000000000000085,0.56,0
YGL209W_YBR033W_Minimal_HisMetLeuUra_Glucose_2_90_none_1,8450296,6598,419,92.42,0.07,0,7.510000000000005,0.48,0
YGL035C_YKL038W_Minimal_HisMetLeu_Glucose_2_180_none_4,6675879,6422,260,89.93,0.09,0,9.97999999999999,0.27,0
WT_Minimal_HisMetLeuUra_Glucose_2_60_none_7,4732438,4492,231,83.72,0.08,0,16.200000000000003,0.49,0
YBR033W_Minimal_HisMetLeuUra_Glucose_0.001_-1_none_5,2996761,2458,124,88.5,0.07,0,11.430000000000007,0.23,0
YDR477W_Minimal_HisMetLeuUra_Glucose_0.001_-1_cAMP_2,7815405,49438,2075,83.43,0.53,0,16.039999999999992,0.26,0
WT_YPD_none_none_2_1440_none_5,5292761,3892,116,90.34,0.07,0,9.590000000000003,0.3,0
WT_YPD_none_Glucose_2_1440_none_33,2575364,7665,56,91.97,0.27,0,7.760000000000005,0.34,0
WT_YPD_none_Glucose_2_1440_none_5,3236463,3025,119,82.14,0.08,0,17.78,0.47,0
YDR477W_Minimal_HisMetLeuUra_Glucose_2_60_none_2,5388650,3719,325,88.28,0.06,0,11.659999999999997,0.43,0
YGL209W_YGL035C_Minimal_HisMetLeuUra_Glucose_2_180_none_3,5173744,5063,173,90.28,0.09,0,9.629999999999995,0.28,0
YDR477W_Minimal_HisMetLeuUra_Glucose_2_45_none_1,5551956,3816,286,90.24,0.06,0,9.700000000000003,0.35,0
WT_Minimal_HisMetLeuUra_Galactose_2_180_none_4,8800800,23725,1106,81.99,0.22,0,17.790000000000006,0.4,0
YDR034C_Minimal_HisMetLeuUra_Galactose_2_4320_none_1,5375004,11068,131,78.57,0.16,0,21.27000000000001,0.55,0
YGL035C_YBR033W_Minimal_HisMetLeuUra_Glucose_2_180_none_1,2920288,1665,74,93.62,0.05,0,6.329999999999998,0.38,0
YKL038W_Minimal_HisMetLeuUra_Glucose_2_90_none_3,3685472,2723,111,89.65,0.07,0,10.280000000000001,0.21,0
YGL035C_YGL209W_YKL038W_YBR033W_Minimal_HisMetLeu_Glucose_2_180_none_2,11018812,7684,251,89.3,0.06,0,10.64,0.31,0
YDR477W_Minimal_HisMetLeuUra_Glucose_0.001_-1_none_1,6161818,6064,462,88.44,0.09,0,11.469999999999999,0.48,0
YGL035C_YGL209W_YKL038W_YBR033W_Minimal_HisMetLeu_Glucose_2_180_none_4,7100965,4660,151,90.7,0.06,0,9.239999999999995,0.3,0
YBR033W_Minimal_HisMetLeuUra_Glucose_0.001_-1_none_6,2454089,2320,124,89.71,0.08,0,10.210000000000008,0.24,0
WT_YPD_none_Glucose_2_1440_none_29,11080695,33170,1162,78.21,0.23,0,21.560000000000002,0.18,0
YKL166C_YPL203W_Minimal_HisMetLeuUra_Glucose_2_30_1NMPP7_3,5931851,171834,686,86.33,2.5,0,11.170000000000002,0.41,0
WT_Minimal_HisMetLeuUra_Galactose_2_60_none_2,8544567,7953,146,86.57,0.08,0,13.350000000000009,0.26,0
WT_Minimal_HisMetLeuUra_Glucose_2_90_none_3,4519573,10230,156,89.54,0.2,0,10.259999999999991,0.35,0
YGL209W_Minimal_HisMetLeuUra_Glucose_2_180_none_1,3417800,3037,166,85.87,0.08,0,14.049999999999997,0.13,0
YGL035C_Minimal_HisMetLeuUra_Glucose_2_45_none_3,3226954,2329,150,90.31,0.07,0,9.620000000000005,0.17,0
YGL035C_YGL209W_YKL038W_YBR033W_Minimal_HisMetLeu_Glucose_0.001_-1_none_2,9692148,5776,207,89.95,0.05,0,10,0.56,0
YBR033W_Minimal_HisMetLeuUra_Glucose_2_300_none_5,15080766,26169,1941,86.41,0.15,0,13.439999999999998,0.36,0
YGL209W_YGL035C_Minimal_HisMetLeuUra_Glucose_2_45_none_3,5825695,5769,395,91.3,0.09,0,8.61,0.4,0
YGL035C_YKL038W_Minimal_HisMetLeu_Glucose_2_300_none_2,5814231,4790,262,90.66,0.07,0,9.27000000000001,0.29,0
YDR477W_Minimal_HisMetLeuUra_Glucose_2_300_cAMP_1,4687985,143587,1093,80.37,2.46,0,17.17,0.4,0
YBR033W_YKL038W_Minimal_HisMetLeuUra_Galactose_2_4320_none_1,4581031,11668,107,78.79,0.2,0,21.00999999999999,0.39,0
YKL038W_Minimal_HisMetLeuUra_Glucose_2_60_none_4,9604513,6285,256,91.71,0.06,0,8.230000000000004,0.21,0
YGL209W_YGL035C_Minimal_HisMetLeuUra_Glucose_2_60_none_2,10412033,7416,523,92.2,0.07,0,7.730000000000004,0.29,0
YBR033W_YKL038W_Minimal_HisMetLeuUra_Glucose_2_300_none_3,762499,483,13,93.56,0.06,0,6.3799999999999955,0.12,1
YGL035C_YGL209W_YKL038W_YBR033W_Minimal_HisMetLeu_Glucose_2_180_none_1,15640213,11541,328,90.94,0.07,0,8.990000000000009,0.25,0
WT_YPD_none_Glucose_2_1440_none_10,2921653,2014,69,90.79,0.06,0,9.149999999999991,0.29,0
YBR033W_YKL038W_Minimal_HisMetLeuUra_Glucose_0.001_-1_none_3,2800376,2590,138,91.82,0.08,0,8.100000000000009,0.16,0
YGL209W_Minimal_HisMetLeuUra_Glucose_2_90_none_1,11223188,7571,262,90.51,0.06,0,9.429999999999993,0.36,0
YGL035C_Minimal_HisMetLeuUra_Glucose_2_300_none_4,2555961,1810,76,90.34,0.06,0,9.599999999999994,0.18,0
YBR033W_Minimal_HisMetLeuUra_Glucose_2_60_none_6,2406388,1966,126,90.32,0.07,0,9.610000000000014,0.16,0
YGL209W_YKL038W_Minimal_HisMetLeuUra_Glucose_2_300_none_2,2457283,1446,67,94.06,0.06,0,5.8799999999999955,0.42,0
WT_YPD_none_Glucose_2_1440_none_24,6135578,102051,393,83.77,1.39,0,14.840000000000003,0.3,0
WT_Minimal_HisMetLeuUra_Galactose_2_60_none_4,6531019,48061,914,82.77,0.61,0,16.620000000000005,0.26,0
YBR033W_YKL038W_Minimal_HisMetLeuUra_Glucose_2_300_none_1,5261710,4296,253,91.76,0.07,0,8.170000000000002,0.4,0
YBR033W_Minimal_HisMetLeuUra_Galactose_2_4320_none_3,10854137,32460,391,78.33,0.23,0,21.439999999999998,0.43,0
YDR477W_Minimal_HisMetLeuUra_Glucose_2_45_cAMP_2,3989672,416505,1481,79.07,8.25,0,12.680000000000007,0.44,0
WT_Minimal_HisMetLeuUra_Galactose_2_60_none_1,14495902,13964,279,87.05,0.08,0,12.870000000000005,0.32,0
YBR033W_Minimal_HisMetLeuUra_Glucose_2_45_none_4,9981811,8599,703,87.55,0.08,0,12.370000000000005,0.32,0
WT_Minimal_HisMetLeuUra_Galactose_2_45_none_4,9262424,17606,736,87.16,0.17,0,12.670000000000002,0.3,0
WT_Minimal_LysHisMetLeuUra_Galactose_2_4320_none_1,1892390,7540,40,78.31,0.31,0,21.379999999999995,0.31,0
YGL035C_YBR033W_Minimal_HisMetLeuUra_Glucose_2_300_none_3,6429284,4914,215,90.94,0.07,0,8.990000000000009,0.34,0
YGL209W_Minimal_HisMetLeuUra_Glucose_2_300_none_4,124524757,80297,5108,89.36,0.06,0,10.579999999999998,0.29,0
WT_YPD_none_none_2_1440_none_6,8301840,6259,183,90.76,0.07,0,9.170000000000002,0.21,0
WT_YPD_none_Glucose_2_1440_none_28,8746702,20590,800,80.33,0.19,0,19.480000000000004,0.18,0
YGL035C_YBR033W_Minimal_HisMetLeuUra_Glucose_2_45_none_3,6012728,5878,239,91.56,0.09,0,8.349999999999994,0.34,0
WT_Minimal_HisMetLeuUra_Glucose_2_180_none_4,5702203,7099,177,87.85,0.11,0,12.040000000000006,0.46,0
YGL035C_Minimal_HisMetLeuUra_Glucose_2_45_none_1,9779738,7625,518,88.33,0.07,0,11.600000000000009,0.27,0
YGL035C_YBR033W_Minimal_HisMetLeuUra_Glucose_2_300_none_4,7488827,8769,619,89.49,0.1,0,10.41000000000001,0.34,0
WT_Minimal_LysHisMetLeuUra_Galactose_2_4320_none_3,8443338,29051,168,77.15,0.27,0,22.58,0.33,0
YBR033W_Minimal_HisMetLeuUra_Glucose_0.001_-1_none_4,7908351,8440,418,86.5,0.09,0,13.409999999999997,0.26,0
YGL209W_YGL035C_Minimal_HisMetLeuUra_Glucose_0.001_-1_none_4,7565088,7139,391,92.32,0.09,0,7.590000000000003,0.54,0
YBR033W_YKL038W_Minimal_HisMetLeuUra_Glucose_2_45_none_1,7870893,4752,415,93.08,0.06,0,6.859999999999999,0.38,0
YBR033W_Minimal_HisMetLeuUra_Glucose_2_45_none_3,6522957,5883,335,88.9,0.08,0,11.019999999999996,0.23,0
YBR033W_Minimal_HisMetLeuUra_Glucose_2_180_none_3,7350497,6763,209,88.61,0.08,0,11.310000000000002,0.19,0
WT_Minimal_HisMetLeuUra_Glucose_2_60_none_2,5749177,5177,141,90.01,0.08,0,9.909999999999997,0.6,0
YGL209W_YGL035C_Minimal_HisMetLeuUra_Glucose_2_45_none_1,6068313,4648,276,91.41,0.07,0,8.52000000000001,0.22,0
YBR033W_YKL038W_Minimal_HisMetLeuUra_Glucose_2_60_none_4,2920576,2794,84,91.55,0.09,0,8.36,0.11,0
WT_Minimal_HisMetLeuUra_Glucose_2_300_none_6,10987854,11024,409,84.03,0.08,0,15.89,0.28,0
YBR033W_Minimal_HisMetLeuUra_Glucose_0.001_-1_none_2,4752041,6370,252,85.01,0.11,0,14.879999999999995,0.35,0
YGL035C_YKL038W_Minimal_HisMetLeu_Glucose_2_30_none_1,7178787,5805,339,92.61,0.07,0,7.320000000000007,0.39,0
YDR477W_Minimal_HisMetLeuUra_Glucose_2_90_cAMP_4,9302053,7694,588,90.8,0.08,0,9.120000000000005,0.33,0
YBR033W_YKL038W_Minimal_HisMetLeuUra_Glucose_2_300_none_4,2710657,2524,185,91.57,0.09,0,8.340000000000003,0.23,0
YDR477W_Minimal_HisMetLeuUra_Glucose_2_180_cAMP_3,8794400,21559,2332,83.96,0.21,0,15.830000000000013,0.3,0
YKL166C_YPL203W_Minimal_HisMetLeuUra_Glucose_2_90_1NMPP7_3,7288226,50855,429,88.97,0.62,0,10.409999999999997,0.38,0
YGL209W_YBR033W_Minimal_HisMetLeuUra_Glucose_2_180_none_2,8976778,6350,299,93.06,0.07,0,6.8700000000000045,0.35,0
YGL035C_YKL038W_Minimal_HisMetLeu_Glucose_2_45_none_4,6523399,4798,399,91.49,0.07,0,8.440000000000012,0.25,0
YGL035C_YBR033W_Minimal_HisMetLeuUra_Glucose_2_60_none_1,5096257,4244,197,92.1,0.08,0,7.820000000000007,0.35,0
YGL035C_YKL038W_Minimal_HisMetLeu_Glucose_0.001_-1_none_4,7425765,5871,312,91.79,0.07,0,8.14,0.49,0
WT_Minimal_HisMetLeuUra_Galactose_2_30_none_3,7588396,34456,519,87.11,0.4,0,12.489999999999995,0.3,0
YKL166C_YPL203W_Minimal_HisMetLeuUra_Glucose_2_300_1NMPP7_4,3496679,484362,636,73.77,10.22,0,16.010000000000005,0.34,2
YDR477W_Minimal_HisMetLeuUra_Glucose_0.001_-1_none_2,5614860,11557,574,79.55,0.16,0,20.290000000000006,0.19,0
YGL035C_YKL038W_Minimal_HisMetLeu_Glucose_2_300_none_4,5919637,4654,235,89.66,0.07,0,10.27000000000001,0.17,0
YGL035C_YBR033W_Minimal_HisMetLeuUra_Glucose_2_180_none_2,4563162,3559,119,90.71,0.07,0,9.220000000000013,0.29,0
YBR033W_Minimal_HisMetLeuUra_Glucose_2_90_none_3,5438277,4965,160,88.55,0.08,0,11.370000000000005,0.08,0
YDR477W_Minimal_HisMetLeuUra_Glucose_2_45_cAMP_3,8361228,12538,869,90.2,0.14,0,9.659999999999997,0.49,0
YGL035C_YGL209W_YKL038W_YBR033W_Minimal_HisMetLeu_Glucose_2_300_none_1,4147264,2679,59,91.38,0.06,0,8.560000000000002,0.36,0
WT_Minimal_HisMetLeuUra_Glucose_0.001_-1_none_1,6939525,8336,262,88.25,0.11,0,11.64,0.57,0
YGL209W_Minimal_HisMetLeuUra_Glucose_2_45_none_3,1617186,1380,68,89.08,0.08,0,10.840000000000003,0.27,0
WT_Minimal_HisMetLeuUra_Galactose_2_45_none_2,14446571,13986,237,87.05,0.08,0,12.870000000000005,0.27,0
YGL035C_Minimal_HisMetLeuUra_Glucose_2_90_none_3,3199150,3067,113,68.65,0.07,0,31.28,0.22,2
WT_Minimal_HisMetLeuUra_Glucose_2_180_none_6,6041547,3884,109,84.35,0.05,0,15.600000000000009,0.38,0
YKL038W_Minimal_LysHisMetLeuUra_Galactose_2_4320_none_2,6313287,12377,325,80.95,0.16,0,18.89,0.22,0
YGL209W_Minimal_HisMetLeuUra_Glucose_2_45_none_2,9126930,7720,354,88.42,0.07,0,11.510000000000005,0.22,0
YKL038W_Minimal_HisMetLeuUra_Glucose_2_300_none_3,3741711,2418,121,90.03,0.06,0,9.909999999999997,0.2,0
WT_YPD_none_Glucose_2_1440_none_30,6413140,4717,166,91.61,0.07,0,8.320000000000007,0.42,0
WT_Minimal_HisMetLeuUra_Glucose_2_45_none_4,5262645,8367,203,89.22,0.14,0,10.64,0.54,0
YGL209W_YGL035C_Minimal_HisMetLeuUra_Glucose_2_180_none_1,6540517,5908,190,89.79,0.08,0,10.129999999999995,0.2,0
WT_Minimal_HisMetLeuUra_Galactose_2_45_none_1,15812150,17490,284,86.67,0.1,0,13.230000000000004,0.36,0
WT_YPD_none_none_2_1440_none_9,6131290,4859,119,91.5,0.07,0,8.430000000000007,0.33,0
YGL035C_Minimal_HisMetLeuUra_Glucose_2_300_none_3,3333610,2520,173,90.55,0.07,0,9.38000000000001,0.25,0
YGL035C_YKL038W_Minimal_HisMetLeu_Glucose_2_90_none_2,6197805,4761,186,92.21,0.07,0,7.720000000000013,0.28,0
YGL035C_YBR033W_Minimal_HisMetLeuUra_Glucose_2_45_none_4,6180438,5969,222,91.93,0.09,0,7.97999999999999,0.25,0
YDR477W_Minimal_HisMetLeuUra_Glucose_0.001_-1_none_3,7166305,6714,463,91.6,0.09,0,8.310000000000002,0.5,0
YKL166C_YPL203W_Minimal_HisMetLeuUra_Glucose_2_60_1NMPP7_2,9127435,27315,664,88.05,0.26,0,11.689999999999998,0.39,0
WT_Minimal_HisMetLeuUra_Glucose_2_90_none_6,13958926,9952,196,89.84,0.06,0,10.099999999999994,0.33,0
WT_Minimal_HisMetLeuUra_Glucose_2_300_none_4,1721137,18241,153,85.94,0.91,0,13.150000000000006,0.64,0
YGL209W_YKL038W_Minimal_HisMetLeuUra_Glucose_2_90_none_3,8494311,6375,410,91.27,0.07,0,8.66000000000001,0.25,0
WT_Minimal_HisMetLeuUra_Glucose_0.001_-1_none_8,5028964,4248,173,87.14,0.07,0,12.790000000000006,0.52,0
YGL035C_YBR033W_Minimal_HisMetLeuUra_Glucose_2_60_none_2,7119406,6223,252,92.81,0.08,0,7.109999999999999,0.43,0
YBR033W_YKL038W_Minimal_HisMetLeuUra_Glucose_2_180_none_3,2431895,1545,27,92.71,0.06,0,7.230000000000004,0.1,0
YGL209W_YGL035C_Minimal_HisMetLeuUra_Glucose_0.001_-1_none_2,5140025,3888,250,92.49,0.07,0,7.440000000000012,0.36,0
YGL209W_YGL035C_Minimal_HisMetLeuUra_Glucose_2_60_none_4,6399734,4953,358,92.33,0.07,0,7.6000000000000085,0.47,0
YBR033W_YKL038W_Minimal_HisMetLeuUra_Glucose_2_60_none_2,12490735,8343,346,92.78,0.06,0,7.159999999999997,0.28,0
WT_Minimal_HisMetLeuUra_Glucose_2_300_none_1,7253931,7056,348,88.38,0.09,0,11.530000000000001,0.44,0
WT_Minimal_HisMetLeuUra_Galactose_0.0015_-1_none_1,5630500,6080,116,86.85,0.09,0,13.060000000000002,0.28,0
YKL038W_Minimal_HisMetLeuUra_Glucose_2_45_none_3,3548805,2624,115,90.27,0.07,0,9.66000000000001,0.15,0
YGL209W_YBR033W_Minimal_HisMetLeuUra_Glucose_2_300_none_2,7652180,5483,255,92.88,0.07,0,7.050000000000011,0.36,0
WT_Minimal_HisMetLeuUra_Glucose_2_90_none_1,5705063,5406,138,90.02,0.09,0,9.89,0.39,0
WT_YPD_none_Glucose_2_1440_none_32,5539540,4216,118,91.9,0.07,0,8.030000000000001,0.63,0
YKL166C_YPL203W_Minimal_HisMetLeuUra_Glucose_2_30_1NMPP7_2,9794248,21179,684,89.86,0.19,0,9.950000000000003,0.39,0
YKL166C_YPL203W_Minimal_HisMetLeuUra_Glucose_2_90_1NMPP7_2,10158586,34943,915,85.63,0.29,0,14.079999999999998,0.27,0
WT_Minimal_HisMetLeuUra_Galactose_2_30_none_1,8952321,8603,150,87.47,0.08,0,12.450000000000003,0.33,0
YKL038W_Minimal_LysHisMetLeuUra_Galactose_2_4320_none_3,7010991,21053,389,79.09,0.24,0,20.67,0.24,0
YGL035C_YBR033W_Minimal_HisMetLeuUra_Glucose_2_30_none_3,7738972,6559,331,92.25,0.08,0,7.670000000000002,0.31,0
YBR033W_Minimal_HisMetLeuUra_Glucose_2_45_none_1,2516564,2381,125,86.46,0.08,0,13.460000000000008,0.32,0
YGL209W_YBR033W_Minimal_HisMetLeuUra_Glucose_2_30_none_1,7168697,6364,469,92.34,0.08,0,7.579999999999998,0.53,0
WT_Minimal_HisMetLeuUra_Glucose_2_180_none_3,5008130,8296,164,89.21,0.15,0,10.64,0.42,0
YGL035C_Minimal_HisMetLeuUra_Glucose_2_60_none_4,12605914,9040,545,90.64,0.07,0,9.290000000000006,0.17,0
WT_Minimal_HisMetLeuUra_Galactose_2_300_none_4,8824666,23163,1047,83.41,0.22,0,16.370000000000005,0.31,0
YGL209W_YGL035C_Minimal_HisMetLeuUra_Glucose_2_90_none_1,6841551,5767,214,91.3,0.08,0,8.620000000000005,0.21,0
YGL209W_YKL038W_Minimal_HisMetLeuUra_Glucose_0.001_-1_none_1,1404180,828,40,93.47,0.06,0,6.469999999999999,0.43,0
YDR477W_Minimal_HisMetLeuUra_Glucose_2_-1_cAMP_1,5810343,46706,1190,85.5,0.69,0,13.810000000000002,0.36,0
YKL038W_Minimal_HisMetLeuUra_Glucose_0.001_-1_none_3,3064393,2289,86,92.04,0.07,0,7.890000000000001,0.28,0
YKL166C_YPL203W_Minimal_HisMetLeuUra_Glucose_2_60_1NMPP7_3,5539220,326191,774,84.57,4.98,0,10.450000000000003,0.37,0
WT_Minimal_HisMetLeuUra_Galactose_2_90_none_1,7902271,7145,116,87.61,0.08,0,12.310000000000002,0.32,0
YBR033W_Minimal_HisMetLeuUra_Glucose_2_180_none_2,10116639,7846,382,88.4,0.07,0,11.530000000000001,0.35,0
WT_Minimal_HisMetLeuUra_Glucose_2_45_none_2,3055591,2614,80,90.41,0.08,0,9.510000000000005,0.5,0
YGL209W_Minimal_HisMetLeuUra_Glucose_2_180_none_3,2440484,1889,84,87.33,0.07,0,12.600000000000009,0.09,0
WT_Minimal_HisMetLeuUra_Glucose_2_90_none_5,3312547,2741,86,86.03,0.07,0,13.900000000000006,0.54,0
YGL035C_Minimal_HisMetLeuUra_Glucose_2_60_none_1,6065331,5389,362,88.62,0.08,0,11.299999999999997,0.2,0
YGL209W_YBR033W_Minimal_HisMetLeuUra_Glucose_2_180_none_1,8025566,5338,257,93.56,0.06,0,6.3799999999999955,0.41,0
YKL166C_YPL203W_Minimal_HisMetLeuUra_Glucose_0.001_-1_1NMPP7_4,6794324,32403,702,85.36,0.41,0,14.230000000000004,0.33,0
YBR033W_YKL038W_Minimal_HisMetLeuUra_Glucose_2_180_none_2,6431150,4920,200,90.43,0.07,0,9.5,0.24,0
YBR033W_YKL038W_Minimal_HisMetLeuUra_Glucose_0.001_-1_none_2,6556211,5118,251,92.49,0.07,0,7.440000000000012,0.59,0
YGL035C_YKL038W_Minimal_HisMetLeu_Glucose_2_60_none_3,6669565,4929,286,91.82,0.07,0,8.110000000000014,0.34,0
YDR477W_Minimal_HisMetLeuUra_Glucose_2_180_cAMP_4,6388135,10912,709,87.6,0.15,0,12.25,0.34,0
YGL035C_YBR033W_Minimal_HisMetLeuUra_Glucose_2_30_none_4,3972184,3615,178,92.48,0.08,0,7.439999999999998,0.38,0
YKL038W_Minimal_HisMetLeuUra_Glucose_2_45_none_2,7609516,6017,198,90.32,0.07,0,9.610000000000014,0.32,0
WT_Minimal_HisMetLeuUra_Glucose_2_180_none_5,1346394,962,38,87.29,0.06,0,12.649999999999991,0.5,0
YGL035C_YBR033W_Minimal_HisMetLeuUra_Glucose_2_60_none_4,1588357,1461,48,92.64,0.09,0,7.269999999999996,0.41,0
YBR033W_Minimal_HisMetLeuUra_Glucose_2_180_none_5,13415455,9603,402,90.13,0.06,0,9.810000000000002,0.12,0
YDR477W_Minimal_HisMetLeuUra_Glucose_2_90_cAMP_1,6419440,43101,881,87.54,0.59,0,11.86999999999999,0.32,0
YDR477W_Minimal_HisMetLeuUra_Glucose_2_300_none_1,6159999,4289,221,89.63,0.06,0,10.310000000000002,0.38,0
YBR033W_Minimal_HisMetLeuUra_Glucose_0.001_-1_none_3,8800816,8662,553,86.97,0.09,0,12.939999999999998,0.33,0
WT_Minimal_HisMetLeuUra_Galactose_2_300_none_2,6506841,4340,153,91.15,0.06,0,8.789999999999992,0.31,0
WT_Minimal_HisMetLeuUra_Glucose_2_60_none_6,5611852,4182,77,87.21,0.06,0,12.730000000000004,0.25,0
YGL209W_Minimal_HisMetLeuUra_Glucose_0.001_-1_none_4,3066578,2222,81,89.85,0.07,0,10.080000000000013,0.25,0
WT_Minimal_HisMetLeuUra_Glucose_2_60_none_1,3269078,3787,66,90.56,0.1,0,9.340000000000003,0.37,0
YGL035C_YGL209W_YKL038W_YBR033W_Minimal_HisMetLeu_Glucose_2_45_none_3,12614765,9141,394,88.85,0.06,0,11.090000000000003,0.39,0
YGL035C_YBR033W_Minimal_HisMetLeuUra_Glucose_2_60_none_3,8159987,7338,296,91.32,0.08,0,8.600000000000009,0.29,0
YGL035C_YBR033W_Minimal_HisMetLeuUra_Glucose_2_30_none_1,4075309,3527,161,91.28,0.08,0,8.64,0.38,0
YDR477W_Minimal_HisMetLeuUra_Glucose_2_60_cAMP_2,6520297,62451,498,87.45,0.84,0,11.709999999999994,0.33,0
YBR033W_YKL038W_Minimal_HisMetLeuUra_Glucose_2_90_none_4,2795874,2657,54,91.85,0.09,0,8.060000000000002,0.13,0
WT_YPD_none_Glucose_2_1440_none_4,4572272,4157,98,85.84,0.08,0,14.079999999999998,0.5,0
YGL035C_YGL209W_YKL038W_YBR033W_Minimal_HisMetLeu_Glucose_2_90_none_2,11045048,9256,305,90.01,0.08,0,9.909999999999997,0.45,0
WT_YPD_none_Glucose_2_1440_none_21,7056512,6118,184,85.23,0.07,0,14.700000000000003,0.54,0
WT_Minimal_LysHisMetLeuUra_Galactose_2_4320_none_2,3916809,13919,170,76.27,0.27,0,23.460000000000008,0.36,0
YGL035C_Minimal_HisMetLeuUra_Glucose_2_60_none_2,8790047,6812,425,89.04,0.07,0,10.89,0.3,0
YGL209W_Minimal_HisMetLeuUra_Glucose_2_45_none_4,3393981,3083,126,89.44,0.08,0,10.480000000000004,0.15,0
WT_YPD_none_Glucose_2_1440_none_18,5237414,4157,132,88.7,0.07,0,11.230000000000004,0.53,0
WT_Minimal_HisMetLeuUra_Galactose_2_4320_none_1,5486894,14272,157,77.9,0.2,0,21.89999999999999,0.52,0
YGL035C_YGL209W_YKL038W_YBR033W_Minimal_HisMetLeu_Glucose_2_45_none_1,11959762,8933,325,88.83,0.07,0,11.100000000000009,0.33,0
WT_Minimal_HisMetLeuUra_Galactose_2_300_none_3,6195159,82840,617,83.55,1.12,0,15.329999999999998,0.33,0
YKL038W_Minimal_HisMetLeuUra_Glucose_0.001_-1_none_2,5824369,4043,124,89.45,0.06,0,10.489999999999995,0.25,0
YKL166C_YPL203W_Minimal_HisMetLeuUra_Glucose_2_45_1NMPP7_4,7497642,43905,765,86.06,0.5,0,13.439999999999998,0.34,0
YGL035C_YGL209W_YKL038W_YBR033W_Minimal_HisMetLeu_Glucose_2_30_none_1,9706567,5965,339,89.23,0.05,0,10.719999999999999,0.5,0
YGL035C_YKL038W_Minimal_HisMetLeu_Glucose_0.001_-1_none_2,80989,144,1,71.5,0.13,0,28.370000000000005,0.35,3
YGL035C_YGL209W_YKL038W_YBR033W_Minimal_HisMetLeu_Glucose_2_45_none_4,9665722,6091,320,91.05,0.06,0,8.89,0.29,0
WT_Minimal_HisMetLeuUra_Glucose_2_30_none_2,21900,70,4,63.08,0.2,0,36.72,0.9,3
YGL035C_Minimal_HisMetLeuUra_Glucose_2_180_none_4,2514366,1908,87,90.6,0.07,0,9.330000000000013,0.21,0
YDR477W_Minimal_HisMetLeuUra_Glucose_2_300_none_2,3578029,5169,250,84.15,0.12,0,15.72999999999999,0.21,0
YGL035C_Minimal_HisMetLeuUra_Glucose_0.001_-1_none_3,2630154,2109,135,89.77,0.07,0,10.16000000000001,0.28,0
YGL209W_YBR033W_Minimal_HisMetLeuUra_Glucose_2_300_none_1,8393887,6603,250,93.36,0.07,0,6.570000000000007,0.46,0
YGL035C_YGL209W_YKL038W_YBR033W_Minimal_HisMetLeu_Glucose_2_60_none_4,11599115,7462,397,90.74,0.06,0,9.200000000000003,0.32,0
WT_YPD_none_Glucose_2_1440_none_3,3680025,3351,80,85.29,0.08,0,14.629999999999995,0.45,0
YDR477W_Minimal_HisMetLeuUra_Glucose_2_45_cAMP_4,9154083,17574,1083,87.14,0.17,0,12.689999999999998,0.3,0
YBR033W_YKL038W_Minimal_HisMetLeuUra_Glucose_2_60_none_3,2570912,2057,130,92.63,0.07,0,7.300000000000011,0.23,0
YDR477W_Minimal_HisMetLeuUra_Glucose_2_60_none_1,5359153,8766,370,82.24,0.13,0,17.63000000000001,0.11,0
YKL166C_YPL203W_Minimal_HisMetLeuUra_Glucose_0.001_-1_1NMPP7_3,6601079,71114,538,86.96,0.94,0,12.100000000000009,0.46,0
WT_Minimal_HisMetLeuUra_Glucose_0.001_-1_none_7,3759,4,0,86.83,0.09,0,13.079999999999998,0.05,1
YBR033W_YKL038W_Minimal_HisMetLeuUra_Glucose_2_60_none_1,6003762,3430,295,93.01,0.05,0,6.939999999999998,0.38,0
YBR033W_YKL038W_Minimal_HisMetLeuUra_Glucose_2_90_none_2,7144404,5668,161,92.57,0.07,0,7.360000000000014,0.32,0
YGL209W_YKL038W_Minimal_HisMetLeuUra_Glucose_2_300_none_4,5910468,4474,215,91.52,0.07,0,8.41000000000001,0.26,0
YKL038W_Minimal_HisMetLeuUra_Galactose_2_4320_none_2,9050511,35198,219,75.48,0.29,0,24.22999999999999,0.54,0
YGL209W_YBR033W_Minimal_HisMetLeuUra_Glucose_2_30_none_2,5932041,4692,317,92.22,0.07,0,7.710000000000008,0.44,0
WT_Minimal_HisMetLeuUra_Galactose_2_180_none_1,9137601,7137,110,88.39,0.07,0,11.540000000000006,0.29,0
WT_YPD_none_none_2_1440_none_8,8695802,6618,172,91.76,0.07,0,8.170000000000002,0.36,0
YBR033W_YDR034C_Minimal_HisMetLeuUra_Galactose_2_4320_none_1,3915667,8021,141,80.2,0.16,0,19.64,0.45,0
YDR477W_Minimal_HisMetLeuUra_Glucose_2_90_cAMP_3,9205838,20187,1868,86.08,0.19,0,13.730000000000004,0.33,0
YGL035C_YGL209W_YKL038W_YBR033W_Minimal_HisMetLeu_Glucose_2_60_none_3,11594715,8910,287,89.65,0.07,0,10.280000000000001,0.32,0
YBR033W_Minimal_HisMetLeuUra_Glucose_2_180_none_1,6515086,6945,307,89.43,0.1,0,10.469999999999999,0.37,0
YBR033W_YKL038W_Minimal_HisMetLeuUra_Galactose_2_4320_none_2,6139856,19248,117,79.09,0.25,0,20.659999999999997,0.46,0
YGL209W_YGL035C_Minimal_HisMetLeuUra_Glucose_0.001_-1_none_3,7849026,8633,485,91.47,0.1,0,8.430000000000007,0.58,0
YBR033W_Minimal_HisMetLeuUra_Glucose_2_60_none_3,9643255,8188,536,89.56,0.08,0,10.36,0.25,0
YBR033W_Minimal_HisMetLeuUra_Glucose_2_45_none_2,11665725,10973,652,86.74,0.08,0,13.180000000000007,0.29,0
YGL209W_YBR033W_Minimal_HisMetLeuUra_Glucose_2_45_none_2,7648833,5950,398,92.42,0.07,0,7.510000000000005,0.41,0
YGL035C_YKL038W_Minimal_HisMetLeu_Glucose_2_60_none_4,7268999,5836,483,91.46,0.07,0,8.470000000000013,0.51,0
YGL035C_YGL209W_YKL038W_YBR033W_Minimal_HisMetLeu_Glucose_2_60_none_2,11530008,8347,387,90.94,0.07,0,8.990000000000009,0.31,0
YGL209W_YBR033W_Minimal_HisMetLeuUra_Glucose_0.001_-1_none_1,12187858,11083,443,86.76,0.08,0,13.159999999999997,0.58,0
YGL209W_Minimal_HisMetLeuUra_Glucose_0.001_-1_none_1,7304080,7004,284,90.08,0.09,0,9.829999999999998,0.22,0
YGL035C_YBR033W_Minimal_HisMetLeuUra_Glucose_0.001_-1_none_2,5124705,3650,135,92.16,0.07,0,7.77000000000001,0.41,0
YGL035C_YKL038W_Minimal_HisMetLeu_Glucose_2_300_none_3,6278357,5438,409,91.34,0.08,0,8.579999999999998,0.37,0
WT_Minimal_HisMetLeuUra_Glucose_2_45_none_3,7548154,6142,283,89.33,0.07,0,10.600000000000009,0.36,0
YKL038W_Minimal_HisMetLeuUra_Glucose_2_180_none_3,2693181,1963,101,89.75,0.07,0,10.180000000000007,0.19,0
YGL209W_YKL038W_Minimal_HisMetLeuUra_Glucose_2_60_none_3,6781870,5952,236,90.63,0.08,0,9.290000000000006,0.25,0
WT_Minimal_HisMetLeuUra_Glucose_2_60_none_3,4431983,3849,153,90.1,0.08,0,9.820000000000007,0.33,0
YGL209W_YKL038W_Minimal_HisMetLeuUra_Glucose_2_180_none_4,5907592,5048,202,91.2,0.08,0,8.719999999999999,0.2,0
YGL209W_YKL038W_Minimal_HisMetLeuUra_Glucose_0.001_-1_none_2,1547549,1034,63,93.08,0.06,0,6.859999999999999,0.45,0
YGL209W_YGL035C_Minimal_HisMetLeuUra_Glucose_2_90_none_3,7251039,7766,263,90.98,0.1,0,8.920000000000002,0.3,0
YKL038W_Minimal_HisMetLeuUra_Glucose_2_300_none_2,21201511,11237,466,90.54,0.05,0,9.409999999999997,0.34,0
YGL035C_YBR033W_Minimal_HisMetLeuUra_Glucose_2_90_none_2,5657201,4745,122,92.85,0.08,0,7.070000000000007,0.36,0
WT_YPD_none_Glucose_2_1440_none_34,2729386,1928,52,92.4,0.07,0,7.530000000000001,0.19,0
YBR033W_Minimal_HisMetLeuUra_Glucose_2_60_none_5,2768601,2307,116,90.02,0.08,0,9.900000000000006,0.14,0
YGL209W_Minimal_HisMetLeuUra_Glucose_2_60_none_1,6834637,4745,204,90.63,0.06,0,9.310000000000002,0.29,0
YGL035C_Minimal_HisMetLeuUra_Glucose_2_90_none_4,2944758,2077,96,90.4,0.06,0,9.539999999999992,0.1,0
YGL209W_Minimal_HisMetLeuUra_Glucose_2_60_none_2,8105399,6729,316,87.95,0.07,0,11.980000000000004,0.19,0
WT_Minimal_HisMetLeuUra_Glucose_2_45_none_8,4046217,4306,150,82.25,0.09,0,17.659999999999997,0.22,0
WT_Minimal_HisMetLeuUra_Glucose_2_45_none_5,730623,693,15,85.41,0.08,0,14.510000000000005,0.48,1
YDR477W_Minimal_HisMetLeuUra_Glucose_2_180_none_1,4453961,3147,207,89.28,0.06,0,10.659999999999997,0.41,0
YGL209W_YKL038W_Minimal_HisMetLeuUra_Glucose_2_45_none_3,6163985,4763,229,91.2,0.07,0,8.730000000000004,0.2,0
YGL035C_YKL038W_Minimal_HisMetLeu_Glucose_2_60_none_2,NA,NA,NA,NA,NA,NA,NA,NA,NA
